ID,Name,Address,Phone,WeChat,Email,Profession,Age,Risk Status,Registration Time,Withdraw,Priority Letter,Local Registry ID,Hopsital ID
7673092765,Gaozord,Xiashi,25634154342,wxid_tzzs2yk8ldndce,3198697817@gmail.com,Actor,Children,Low risk,2022-1-1 11:00,0,0,0,021
end of half day
1273831304,Aowzq,Haizhou,35691757119,wxid_tmf3kcn9swo3va,5737183011@qq.com,Programmer,Adolescent,Medium risk,2022-1-1 19:54,0,0,2,120
2134221086,Ikupmex,Haichang,54412860499,wxid_f25fndim1yditv,2320541208@qq.com,Actor,Elderly Person,Low risk,2022-1-1 21:48,0,0,1,21
end of half day
3167343325,Nosckxgv,Haichang,47807324949,wxid_o3t1qduchevwky,7608649433@qq.com,Actor,Young Adult,No risk,2022-1-2 03:48,0,0,1,2
6742932743,Pgzxhwee,Maqiao,56643665669,wxid_9l5wkrertle8nl,9540775811@qq.com,Teacher,Adolescent,No risk,2022-1-2 05:36,0,0,2,20
end of half day
4434871302,Agcuzyt,Xiashi,53815998797,wxid_umyk9f7nzwd7co,7871779361@sina.com,Businessman,Young Adult,High risk,2022-1-2 16:54,0,0,2,1
7999658291,Ytumkfn,Maqiao,17906371013,wxid_dzb348tyibfirf,3703150900@163.com,Actor,Children,High risk,2022-1-2 17:18,0,0,1,021
5310113910,Yojh,Haichang,19179926481,wxid_kcfy2ob1scbkyi,5487896177@qq.com,Programmer,Senior,Medium risk,2022-1-2 17:24,0,0,1,12
6518141990,Vrpamp,Haizhou,92970665188,wxid_ltagdda94gp0ip,4248009776@gmail.com,Actor,Elderly Person,High risk,2022-1-2 23:12,0,0,2,01
end of half day
8205146589,Vbpxhly,Haizhou,23780833377,wxid_ekl1at3k3cxdtc,8824289384@sina.com,Journalist,Elderly Person,High risk,2022-1-3 07:54,0,0,0,102
end of half day
end of half day
3118890392,Coaow,Haichang,82767239161,wxid_38wc4opiwnqgra,6814041958@163.com,Businessman,Children,Low risk,2022-1-4 00:36,0,0,1,10
end of half day
9729380513,Ugmhjid,Haizhou,42483403436,wxid_krnruyfdjf736y,2899460466@sina.com,Businessman,Senior,Low risk,2022-1-4 15:48,0,0,0,10
8634864435,Aqskf,Haichang,63504112659,wxid_b9i8swr7nvpcjg,7655596537@sina.com,Journalist,Old Person,Medium risk,2022-1-4 17:54,0,0,0,10
9222892642,Zhhsus,Maqiao,37804172690,wxid_idvl097ridbgxs,2696694045@sina.com,Engineer,Children,No risk,2022-1-4 21:24,0,0,0,02
8908988561,Gljvym,Haichang,36625485482,wxid_ouvsiq16xpss7c,6453956250@gmail.com,Farmer,Elderly Person,Medium risk,2022-1-4 21:36,0,0,1,0
7777648274,Dvyzli,Xiashi,96612661731,wxid_uh2vao77vxztxq,9407345232@163.com,Teacher,Young Adult,No risk,2022-1-4 22:00,0,0,0,102
4658234708,Wbdixouh,Haizhou,49916772065,wxid_biq7pjiz70autz,3386025327@gmail.com,Businessman,Senior,Medium risk,2022-1-4 22:18,0,0,0,01
end of half day
6668840585,Lwsyt,Haichang,16577057894,wxid_9t5wcjwc1ksmrd,9111250719@sina.com,Businessman,Old Person,No risk,2022-1-5 03:42,0,0,0,120
1760880935,Ebhlouvb,Haichang,13879998746,wxid_chdz6a1ld6lnln,5367739310@qq.com,Businessman,Adult,High risk,2022-1-5 04:00,0,0,1,20
3039822531,Lxnt,Haichang,51490577298,wxid_wy6p3ktgkgmw0c,7234779640@163.com,Engineer,Adolescent,High risk,2022-1-5 07:24,0,0,1,012
end of half day
end of half day
7999658291,Ytumkfn,Maqiao,17906371013,wxid_dzb348tyibfirf,3703150900@163.com,Actor,Children,High risk,2022-1-6 08:30,1,0,1,021
3546889218,Vlxuzm,Xiashi,56908676935,wxid_a893itpjisermc,7915263619@sina.com,Farmer,Adolescent,Medium risk,2022-1-6 08:42,0,0,0,012
3757677807,Cwvcdupk,Maqiao,93339647908,wxid_8n1gmlii4atwdn,2282746178@qq.com,Businessman,Adult,Medium risk,2022-1-6 10:24,0,0,0,120
end of half day
5776183036,Brgzofv,Haizhou,54536521672,wxid_pm9uqnf99odedi,9628411146@gmail.com,Programmer,Old Person,High risk,2022-1-6 13:00,0,0,0,12
2023024590,Exnsu,Maqiao,13634770626,wxid_q3c9swuv2xgxjb,5476015062@sina.com,Student,Adult,High risk,2022-1-6 20:00,0,0,1,0
4900408657,Vlxynjer,Haichang,25031956864,wxid_ty87xyllkce8ss,3287337464@sina.com,Engineer,Senior,Medium risk,2022-1-6 20:12,0,0,2,2
8359562891,Qumsqzv,Xiashi,31327342449,wxid_yt7mri0hctiohs,9736775399@gmail.com,Teacher,Old Person,High risk,2022-1-6 23:12,0,0,0,012
3164615229,Vwiu,Maqiao,54073184612,wxid_z1phajp9rgfl3c,4880762335@qq.com,Journalist,Adult,High risk,2022-1-6 23:18,0,0,2,12
2733220490,Uuxiow,Haichang,98260343157,wxid_eyzrj2u3dbxa5x,3123221131@163.com,Student,Young Adult,Low risk,2022-1-6 23:36,0,0,2,1
end of half day
2241463538,Qssduo,Xiashi,25845414443,wxid_5anxr03teptlnx,4169876269@sina.com,Farmer,Adult,Low risk,2022-1-7 05:24,0,0,0,02
end of half day
5644423928,Kckds,Xiashi,11164012326,wxid_k3aaqwn7mnx0hf,4912763353@qq.com,Farmer,Old Person,No risk,2022-1-7 13:12,0,0,1,10
1053161442,Symiy,Haichang,50408600129,wxid_apf94az9ailyii,9855485272@qq.com,Farmer,Old Person,High risk,2022-1-7 16:48,0,0,0,210
8623577451,Bmltloc,Maqiao,85957965386,wxid_3ifrzj2qsn0hvj,7316484839@sina.com,Farmer,Senior,Low risk,2022-1-7 19:12,0,0,1,0
8865248189,Bdnfuyvy,Haichang,55594033665,wxid_oya2y1rdzcki8v,6962628501@qq.com,Student,Adult,Low risk,2022-1-7 20:24,0,0,1,12
7553053285,Xgaza,Maqiao,42207816951,wxid_ts0llfduxuq76j,1513187759@qq.com,Businessman,Adolescent,High risk,2022-1-7 20:24,0,0,0,021
7235806426,Fonauusy,Haizhou,16960872153,wxid_me1kubww6s6str,6528529311@gmail.com,Actor,Adolescent,Low risk,2022-1-7 23:30,0,0,2,01
end of half day
1233112786,Ddrlax,Xiashi,91166221966,wxid_6kibc0gtlm9hob,3402850540@sina.com,Farmer,Old Person,Medium risk,2022-1-8 01:00,0,0,1,2
9807376290,Qoxjbx,Maqiao,50396964107,wxid_bm41nrceervh2z,7435566595@163.com,Student,Senior,Low risk,2022-1-8 01:36,0,0,0,201
1745133414,Jkhujvh,Haichang,53080902173,wxid_5b6ilnczhvs2lt,9023135865@gmail.com,Businessman,Old Person,Medium risk,2022-1-8 04:24,0,0,2,12
9775869856,Qmvjeb,Haichang,11225270557,wxid_zgztdrgb11q3rm,2924788093@qq.com,Programmer,Old Person,Low risk,2022-1-8 11:12,0,0,0,201
end of half day
1270510211,Ismuou,Maqiao,46598754238,wxid_acj6swiajns47g,1211736683@163.com,Programmer,Children,Low risk,2022-1-8 12:00,0,0,2,102
3403261641,Tpfxgyad,Maqiao,26872900817,wxid_7h5egsnclxyj6l,2332919373@qq.com,Teacher,Children,Low risk,2022-1-8 22:42,0,0,0,0
end of half day
5460221956,Apnmkg,Haizhou,47700571689,wxid_dgg1u9qns2ygga,7546150288@sina.com,Student,Senior,Medium risk,2022-1-9 00:18,0,0,2,0
2658037348,Rqlhom,Haizhou,62534433418,wxid_r6rxk7rd4zjumf,6312392783@qq.com,Journalist,Adult,Low risk,2022-1-9 07:30,0,0,1,2
7639956143,Wyzs,Haizhou,84248657113,wxid_labar21wscjdbe,2311248402@163.com,Programmer,Young Adult,Low risk,2022-1-9 09:36,0,0,2,2
end of half day
5903260726,Xmpo,Haizhou,98849112180,wxid_roz08xfix3gxft,9810970605@gmail.com,Businessman,Children,Medium risk,2022-1-9 21:6,0,0,1,1
1745133414,Jkhujvh,Haichang,53080902173,wxid_5b6ilnczhvs2lt,9023135865@gmail.com,Actor,Old Person,High risk,2022-1-8 04:24,0,0,2,12
end of half day
7977497911,Wfsc,Haizhou,81407888434,wxid_nnt8y6whleh1sz,7693867364@sina.com,Businessman,Elderly Person,Medium risk,2022-1-10 01:48,0,0,2,02
2233505825,Lhlkdcx,Xiashi,73760019540,wxid_8mi5jzza1tvmlb,9875295311@qq.com,Teacher,Old Person,Medium risk,2022-1-10 06:18,0,0,0,120
8357429512,Teallcmu,Maqiao,34533972905,wxid_sbknasli8oelqo,7738259297@sina.com,Actor,Adolescent,Medium risk,2022-1-10 06:42,0,0,1,102
end of half day
4884960460,Utmhlph,Haichang,96846012500,wxid_ea1g3fgadb0cax,6069817949@qq.com,Journalist,Elderly Person,No risk,2022-1-10 18:6,0,0,2,02
4058007909,Fdpah,Haizhou,17366724626,wxid_30e9jfobgifvzc,4314821031@sina.com,Actor,Old Person,Medium risk,2022-1-10 21:24,0,0,1,01
end of half day
9066557836,Oljkmnco,Maqiao,90593986894,wxid_jnfbcdponu267m,1961870827@sina.com,Programmer,Elderly Person,No risk,2022-1-11 00:6,0,0,1,1
3044554313,Fmmc,Haichang,94566174184,wxid_shwobfvh6pg29w,8969570282@163.com,Businessman,Elderly Person,No risk,2022-1-11 05:30,0,0,1,120
4005299157,Bynwbm,Maqiao,43860522495,wxid_dd51exakfqqgcj,6833296883@gmail.com,Journalist,Elderly Person,High risk,2022-1-11 10:6,0,0,0,02
end of half day
1694875750,Spsglmyj,Haichang,23561812202,wxid_fp6mqo0vl7dkno,1963872100@sina.com,Teacher,Adolescent,Medium risk,2022-1-11 15:24,0,0,0,120
end of half day
5712520948,Iighhbz,Haichang,35235540051,wxid_um0tbmdesn7ouv,5657617545@gmail.com,Engineer,Adult,Low risk,2022-1-12 01:24,0,0,2,10
5453501018,Vflrfs,Maqiao,34403224502,wxid_6bzys9niq4urij,5332001590@163.com,Programmer,Old Person,No risk,2022-1-12 11:30,0,0,0,01
end of half day
8853470709,Oeeozlr,Haichang,99382622305,wxid_natulb00rhsinn,6346288908@gmail.com,Programmer,Young Adult,Medium risk,2022-1-12 18:00,0,0,1,1
4716468564,Jdqvkt,Xiashi,14884708985,wxid_yj9arh40anlapq,5834394609@gmail.com,Farmer,Elderly Person,Medium risk,2022-1-12 18:18,0,0,1,102
2109799646,Gsvuoz,Haizhou,87910659278,wxid_gyga5jqt84wluc,9597335241@qq.com,Actor,Young Adult,High risk,2022-1-12 18:42,0,0,2,10
3057880855,Ivadl,Haizhou,70979117871,wxid_caz1wl44rlbbpq,8033249082@qq.com,Programmer,Adolescent,Low risk,2022-1-12 19:48,0,0,2,02
end of half day
7280728667,Udddso,Haizhou,82183267012,wxid_aifch0h40qyrnu,4736200407@163.com,Teacher,Adult,No risk,2022-1-13 04:30,0,0,0,0
3553757135,Phthst,Haichang,60878897282,wxid_4fptue8uxpjj8r,6351734986@gmail.com,Actor,Senior,Low risk,2022-1-13 07:54,0,0,2,12
end of half day
7280459603,Uuexvay,Haizhou,40404656945,wxid_iomddn61qavtcz,7635856843@sina.com,Teacher,Young Adult,Low risk,2022-1-13 13:42,0,0,2,10
1029446672,Auqafela,Xiashi,12546035103,wxid_0rpxe0hqcabq3s,9675359625@qq.com,Engineer,Young Adult,Medium risk,2022-1-13 15:18,0,0,1,01
4698076436,Cehvgpt,Haizhou,32559323314,wxid_ptgma1e5n7pcjh,2157451105@qq.com,Actor,Children,High risk,2022-1-13 15:24,0,0,2,201
6922421061,Zail,Maqiao,79404880567,wxid_7auy6yqytqyi7y,2851427321@163.com,Businessman,Children,Low risk,2022-1-13 19:48,0,0,0,0
4574327475,Kqbbziud,Xiashi,39883904491,wxid_e7ipn3mp1wexmu,7270273282@163.com,Actor,Adult,Medium risk,2022-1-13 20:24,0,0,2,120
8931891908,Immdwklv,Xiashi,77428153871,wxid_m07wsvzcbrmk9f,1656385429@sina.com,Engineer,Adolescent,High risk,2022-1-13 21:12,0,0,2,12
end of half day
2610292209,Lqrdo,Haichang,63559608361,wxid_x1hz6cejmae2js,9375797622@gmail.com,Student,Adult,No risk,2022-1-14 03:12,0,0,2,1
7627654690,Ccitiv,Haichang,25803533580,wxid_nteomd0p7u5blp,1490945103@sina.com,Businessman,Children,Low risk,2022-1-14 11:24,0,0,2,102
end of half day
1464570595,Vqht,Haizhou,88462746480,wxid_5lgp6lomx2dplt,9638499735@163.com,Actor,Old Person,No risk,2022-1-14 12:24,0,0,2,01
5382861980,Cvvxn,Xiashi,98353792685,wxid_odyos8iq6huhsd,4944377544@gmail.com,Actor,Elderly Person,No risk,2022-1-14 15:36,0,0,2,21
7440531419,Ldhsrkvz,Haichang,88335030276,wxid_sciky3k9j8srrv,9568344421@sina.com,Student,Young Adult,Low risk,2022-1-14 23:6,0,0,2,2
end of half day
end of half day
4163087648,Bflio,Haichang,76796467793,wxid_8ez6tlezznhdlm,9447476011@sina.com,Student,Children,No risk,2022-1-15 18:6,0,0,2,012
2271077660,Wyobckgd,Xiashi,64271319972,wxid_mi0zd7wjoi9ina,4965489946@gmail.com,Programmer,Elderly Person,High risk,2022-1-15 20:36,0,0,1,120
end of half day
1367742443,Bzvluq,Haizhou,65109851750,wxid_guglgegqw2i3tb,2800728095@gmail.com,Businessman,Young Adult,Medium risk,2022-1-16 02:00,0,0,2,02
2869926049,Oiztn,Xiashi,32876703211,wxid_ajmhj6iia16fhj,6808331933@163.com,Journalist,Old Person,No risk,2022-1-16 07:54,0,0,0,120
end of half day
4346656172,Cygnodyp,Xiashi,61992652975,wxid_cx1cwyz2lwdk5k,9942080095@163.com,Businessman,Adult,Medium risk,2022-1-16 16:30,0,0,0,012
2435097742,Cxhnw,Maqiao,77260829311,wxid_42bywkjemhpnpt,8647027117@sina.com,Actor,Children,High risk,2022-1-16 19:42,0,0,2,10
7714572320,Ooixow,Xiashi,33110885310,wxid_k5x8zmdrjn4vae,6733256139@qq.com,Businessman,Children,High risk,2022-1-16 21:36,0,0,2,0
3771937836,Apwfal,Maqiao,56325800305,wxid_oiyh9xluo5xblo,6245555161@163.com,Farmer,Old Person,Medium risk,2022-1-16 22:18,0,0,2,20
2109124880,Iokno,Haichang,12008901971,wxid_xuoccu0pu7ht7x,5420708867@gmail.com,Actor,Children,Medium risk,2022-1-16 22:30,0,0,2,102
end of half day
end of half day
2975124108,Nbukupdz,Haizhou,51517183346,wxid_dg6ry3eppso4zm,4332476865@163.com,Programmer,Young Adult,Low risk,2022-1-17 12:54,0,0,1,20
1414734149,Qjtu,Maqiao,97608591511,wxid_7zh9s3uoemphkx,3294240707@163.com,Engineer,Children,High risk,2022-1-17 14:18,0,0,0,021
end of half day
2888477281,Ngob,Maqiao,37835004902,wxid_l5m0fxekw2eicm,4515002220@gmail.com,Businessman,Adult,High risk,2022-1-18 05:54,0,0,1,02
4213976536,Nmrzfqbl,Xiashi,94448814036,wxid_oo4i8j0ifqhplj,9325072986@gmail.com,Actor,Elderly Person,High risk,2022-1-18 11:18,0,0,2,20
end of half day
end of half day
2367248932,Ujty,Haichang,30886829126,wxid_a4q0lpyjmcmw3v,7433474334@163.com,Programmer,Elderly Person,High risk,2022-1-19 09:00,0,0,1,0
end of half day
7826327981,Ecwf,Haizhou,48791896943,wxid_8jmn5dbzf7wgwx,1447799929@qq.com,Businessman,Senior,High risk,2022-1-19 13:42,0,0,0,01
1809393118,Ixfqhyr,Maqiao,27510987688,wxid_i55axlkzp5nzgx,8010809511@sina.com,Engineer,Senior,Medium risk,2022-1-19 15:42,0,0,2,0
3550092633,Vhssy,Xiashi,84808170354,wxid_hrantctk5r11lh,8151366357@163.com,Programmer,Children,Medium risk,2022-1-19 18:54,0,0,1,01
7339505049,Ngrr,Haichang,63183988072,wxid_3ntnkt9cas2fnf,7008478250@sina.com,Businessman,Senior,No risk,2022-1-19 21:36,0,0,0,012
2663794042,Wibmw,Haichang,36892136091,wxid_8mez10lrhizdhz,3444735752@163.com,Farmer,Young Adult,High risk,2022-1-19 23:54,0,0,2,1
end of half day
5362117132,Kozbhyr,Xiashi,39481360870,wxid_q8qrkkmdgnu4ff,7783549578@gmail.com,Teacher,Old Person,Low risk,2022-1-20 09:30,0,0,1,20
end of half day
2111786261,Letijrb,Haichang,27785959939,wxid_q3ssbd1ivd7tcx,8931023679@163.com,Farmer,Senior,High risk,2022-1-20 14:30,0,0,1,01
3186355863,Otpaw,Haizhou,89618188692,wxid_lvscke2ku93ybo,5035972070@sina.com,Businessman,Young Adult,Low risk,2022-1-20 16:6,0,0,2,01
7954863017,Aprmccj,Haichang,20351919009,wxid_xik1fspuv2xf5t,9742315905@gmail.com,Actor,Young Adult,Medium risk,2022-1-20 17:54,0,0,1,021
6657166376,Pmrdfnv,Xiashi,32739310656,wxid_ynyqgvxrw24hwk,8557265145@163.com,Engineer,Adolescent,Medium risk,2022-1-20 20:42,0,0,0,10
end of half day
3199971917,Aldl,Haichang,23269530937,wxid_o0tyooszh1usek,1987654627@sina.com,Actor,Adult,High risk,2022-1-21 01:18,0,0,2,0
9036558130,Vyfxvtms,Haizhou,31108576320,wxid_2nxal8hzr9irjx,2403461600@qq.com,Programmer,Young Adult,High risk,2022-1-21 04:48,0,0,1,120
3153230179,Unktuvet,Haichang,33779108941,wxid_qfr66ynrrl0lwo,1787544320@gmail.com,Farmer,Children,Medium risk,2022-1-21 05:42,0,0,2,0
5528176292,Pasryh,Haichang,43430566804,wxid_eow9bdb03nvmhn,5442093042@gmail.com,Engineer,Senior,Low risk,2022-1-21 06:6,0,0,1,10
5686550544,Jziszvtw,Xiashi,33617148741,wxid_4yotrq6zc5uwav,4534543705@gmail.com,Actor,Adolescent,Medium risk,2022-1-21 10:54,0,0,1,021
end of half day
3560307351,Rwsfiy,Maqiao,32901449689,wxid_rfzgpvs021qdsz,2329437554@163.com,Businessman,Children,Medium risk,2022-1-21 21:18,0,0,1,201
3002386985,Oocdfvit,Haichang,17497277767,wxid_vw00bsny9rfnec,4670482809@qq.com,Teacher,Young Adult,Medium risk,2022-1-21 21:30,0,0,2,012
end of half day
9431249874,Dlbecphq,Haizhou,55141065008,wxid_abjqwmms5c5gue,9370880071@gmail.com,Actor,Young Adult,Medium risk,2022-1-22 03:6,0,0,0,12
7409371507,Qfvf,Haizhou,82672213982,wxid_6xxtap51dfrnff,1079967079@qq.com,Actor,Senior,High risk,2022-1-22 07:18,0,0,1,102
end of half day
5622075647,Euhr,Haizhou,18756264807,wxid_j4htxvv5ss6ifm,1308918302@qq.com,Businessman,Children,High risk,2022-1-22 12:18,0,0,1,0
1053393136,Uubzwcwa,Haichang,20393664568,wxid_s0khnr1db2qmre,2689928794@163.com,Engineer,Adolescent,High risk,2022-1-22 13:18,0,0,2,01
6132006194,Xbxe,Maqiao,10316643044,wxid_yffjs8wih6x2cw,6963762829@sina.com,Businessman,Young Adult,High risk,2022-1-22 23:48,0,0,1,1
end of half day
1918261478,Ioiyrj,Maqiao,41191911893,wxid_9h7yimbfin3zdj,8987998334@gmail.com,Journalist,Adult,No risk,2022-1-23 01:12,0,0,2,20
7175922478,Sbktg,Xiashi,96652570539,wxid_vtc9ip3cdg4npp,7752567212@gmail.com,Actor,Children,Medium risk,2022-1-23 09:42,0,0,0,021
1732669181,Rxkvc,Xiashi,78402922097,wxid_plr58eyfcrr4bw,7620623070@163.com,Journalist,Old Person,No risk,2022-1-23 11:24,0,0,2,12
end of half day
4780803096,Ootjru,Maqiao,58370140149,wxid_wg8oira8zui6on,6223165705@163.com,Student,Elderly Person,High risk,2022-1-23 12:00,0,0,0,10
7641910383,Zeddipk,Xiashi,65219373937,wxid_sskhddliv1c19o,5261932449@gmail.com,Teacher,Old Person,No risk,2022-1-23 14:6,0,0,1,21
3628704897,Txmty,Haizhou,69453320180,wxid_pkcimzex7a2cvm,5288066800@qq.com,Teacher,Adolescent,High risk,2022-1-23 19:18,0,0,1,021
2347160487,Izqihovm,Haizhou,81864062758,wxid_7b2ex6qtjiznpv,8618626804@qq.com,Student,Senior,Medium risk,2022-1-23 19:30,0,0,2,20
6227163250,Ugsyzhkg,Maqiao,48728487717,wxid_kwpi0gtaze1zcb,9044244647@sina.com,Programmer,Adult,No risk,2022-1-23 20:30,0,0,0,20
end of half day
9966236784,Uhpzyu,Maqiao,36273858290,wxid_7ggvht72athcfn,4234115314@163.com,Journalist,Young Adult,Low risk,2022-1-24 01:48,0,0,2,01
5353572890,Kreppew,Xiashi,50557788941,wxid_jbsys6u4in9jts,4077383197@sina.com,Student,Adult,No risk,2022-1-24 02:00,0,0,1,01
8714855004,Uybs,Maqiao,20615230646,wxid_c3vkc3mjiny8xd,4717251863@qq.com,Teacher,Old Person,Medium risk,2022-1-24 04:54,0,0,2,0
7139885978,Pparhln,Haichang,88174803967,wxid_p27l5vpfrqhxsa,9722854145@163.com,Farmer,Senior,No risk,2022-1-24 10:24,0,0,2,1
end of half day
2726296355,Kvafjcqs,Maqiao,38656168279,wxid_ig6vhchr47lzcd,8463631360@gmail.com,Farmer,Adult,Medium risk,2022-1-24 12:00,0,0,2,12
3998305923,Yvyc,Haichang,32266430148,wxid_6zjrowy9p6gwkz,9268345458@163.com,Businessman,Old Person,No risk,2022-1-24 15:42,0,0,1,1
5073364020,Vlwayb,Maqiao,32913346294,wxid_ew6pv9wanxg6of,8603640759@163.com,Actor,Adolescent,Low risk,2022-1-24 18:18,0,0,1,012
2131747526,Hnjiki,Haichang,74109451271,wxid_qqlp3ledku00aq,6225838601@qq.com,Teacher,Old Person,Low risk,2022-1-24 19:6,0,0,1,2
end of half day
3622647947,Yeudujgo,Haichang,74378967248,wxid_2bly2zsl4lshok,5806500496@gmail.com,Businessman,Young Adult,No risk,2022-1-25 00:12,0,0,0,1
7753150890,Kojmvm,Xiashi,63428533571,wxid_wr05emsm4jljev,5245081264@qq.com,Teacher,Adolescent,No risk,2022-1-25 01:24,0,0,2,21
1161798519,Sgsnlr,Haichang,62000270628,wxid_8jc2ysku8mkrpk,2664101764@qq.com,Businessman,Adult,No risk,2022-1-25 03:54,0,0,2,01
3687138842,Fzapudg,Haichang,93635031830,wxid_z4vgqu8f0iibvc,4561163209@163.com,Businessman,Adult,Low risk,2022-1-25 05:18,0,0,1,12
6481481767,Cxpnx,Maqiao,87908568216,wxid_9yujb3rtj5tayg,1332274604@qq.com,Actor,Elderly Person,Medium risk,2022-1-25 11:18,0,0,2,1
end of half day
2037357493,Lhycveab,Haizhou,59223475712,wxid_m9bzhpub8ifn8f,8054390128@gmail.com,Businessman,Senior,High risk,2022-1-25 14:30,0,0,2,210
8616844374,Vemjigq,Xiashi,11816566481,wxid_1ap3beahmszlvs,1546524281@163.com,Actor,Adolescent,Low risk,2022-1-25 20:6,0,0,1,0
8337288220,Tpznqa,Haizhou,35679463239,wxid_u67arxr0sbeugl,5038397077@163.com,Programmer,Adult,High risk,2022-1-25 23:30,0,0,0,2
end of half day
5856716078,Bmzsqkha,Haichang,41896236317,wxid_8x8kjibq8efnii,6381158605@qq.com,Student,Elderly Person,No risk,2022-1-26 03:00,0,0,0,1
6255087170,Srem,Xiashi,31506168260,wxid_halpizsbk040nc,1477310424@163.com,Journalist,Children,Low risk,2022-1-26 10:54,0,0,2,1
end of half day
2679867301,Bzmilxrd,Haichang,27632126309,wxid_bbter7z7eevl3j,6289505107@gmail.com,Actor,Senior,No risk,2022-1-26 20:00,0,0,2,210
end of half day
5364775776,Uttrag,Xiashi,84172042578,wxid_nk3yvuj1r3eabi,3265674570@163.com,Farmer,Children,Low risk,2022-1-27 01:00,0,0,0,120
6036600291,Iofis,Xiashi,27939781860,wxid_c5gfzh96mswnfr,9408186731@gmail.com,Journalist,Elderly Person,No risk,2022-1-27 02:48,0,0,0,201
2965829649,Nvpj,Xiashi,63096785114,wxid_x4z3cvjlobcotl,7260246842@qq.com,Businessman,Children,No risk,2022-1-27 08:6,0,0,1,0
end of half day
7408763407,Vmdmy,Maqiao,32595897383,wxid_cbyn0jznh6f1ui,6687503196@163.com,Student,Senior,Low risk,2022-1-27 19:36,0,0,0,102
7751271114,Bzlwt,Maqiao,90065746383,wxid_0bminoh0qg7hzg,2970303958@gmail.com,Student,Senior,High risk,2022-1-27 19:54,0,0,0,102
end of half day
4443512607,Kwtjhg,Haichang,84334218661,wxid_6eldzta9ax5keh,3611362889@sina.com,Teacher,Adolescent,Medium risk,2022-1-28 04:00,0,0,0,0
end of half day
9106341908,Kdls,Haizhou,50759344220,wxid_i2tghxgw6gwgds,9124785587@163.com,Journalist,Adolescent,Low risk,2022-1-28 12:6,0,0,1,10
4294227787,Tgnatjel,Maqiao,36400764841,wxid_qmtbzib2a8esim,8334927292@sina.com,Actor,Adolescent,Low risk,2022-1-28 17:24,0,0,2,20
5007236278,Royqunc,Xiashi,44227732571,wxid_ofi4wisgjy52ca,4267060639@qq.com,Farmer,Children,No risk,2022-1-28 18:42,0,0,1,120
end of half day
6584867208,Iibdey,Maqiao,68299168397,wxid_ygbff7mo0g6lqk,1769433119@qq.com,Engineer,Adolescent,Medium risk,2022-2-1 02:12,0,0,2,2
1700840115,Txyytbx,Haizhou,81083296272,wxid_gr80iqmaiusizw,4280594064@sina.com,Actor,Children,No risk,2022-2-1 02:30,0,0,1,0
2859593401,Xvqdzoa,Haizhou,41957298357,wxid_ycmkldaxaf5bgy,5626287739@163.com,Farmer,Senior,High risk,2022-2-1 02:48,0,0,2,1
6036600291,Iofis,Xiashi,27939781860,wxid_c5gfzh96mswnfr,9408186731@gmail.com,Journalist,Elderly Person,No risk,2022-2-1 06:48,1,0,0,201
2061498515,Hodhgr,Haichang,38454621342,wxid_9g5ifyek0epoaq,2310860013@gmail.com,Farmer,Adult,High risk,2022-2-1 09:00,0,0,1,2
7135271721,Ejwokmru,Haizhou,71513001649,wxid_56oiwykze4spof,5041191410@gmail.com,Teacher,Adult,High risk,2022-2-1 09:24,0,0,0,201
6381584958,Kghwb,Maqiao,27336706099,wxid_p9gwu9arfmrjqa,9572418448@qq.com,Programmer,Senior,No risk,2022-2-1 11:42,0,0,1,2
end of half day
6382268987,Brng,Haizhou,69353748647,wxid_8syflc3jurdsra,2148397086@gmail.com,Farmer,Adolescent,High risk,2022-2-1 22:24,0,0,1,102
end of half day
7847762117,Lkzzkuc,Haichang,91999563779,wxid_k36e6oqcygdaqp,4379599677@163.com,Farmer,Old Person,Low risk,2022-2-2 00:24,0,0,2,21
6426047767,Ekkqijp,Maqiao,56587288665,wxid_4tgq72jiohsury,7792070364@163.com,Businessman,Children,Medium risk,2022-2-2 05:6,0,0,2,021
2588399750,Kbpmsbyt,Xiashi,31861591010,wxid_ajwf9tphp7mkmu,9555982090@qq.com,Teacher,Adult,High risk,2022-2-2 05:12,0,0,2,20
end of half day
end of half day
1783190833,Tukoebi,Maqiao,71858204530,wxid_g2q1kgqqmhtz7a,1513387218@163.com,Student,Children,High risk,2022-2-3 00:00,0,0,2,021
6980002680,Vobjwahr,Haizhou,27053048767,wxid_ndauu9mftcnh0o,2901062705@qq.com,Farmer,Elderly Person,Low risk,2022-2-3 02:18,0,0,2,102
8158725522,Fkeqgbr,Maqiao,96571843779,wxid_ey6vw5y7yhikdx,9847012544@163.com,Actor,Young Adult,High risk,2022-2-3 03:48,0,0,0,102
9745141345,Haqppoq,Haichang,64041839228,wxid_a6inwewaf8r1rr,8758399853@qq.com,Businessman,Children,Medium risk,2022-2-3 10:00,0,0,2,021
1778081888,Hqbqomlr,Haichang,23044483408,wxid_spxkl1ef2jy3hc,7977637155@gmail.com,Programmer,Elderly Person,Medium risk,2022-2-3 10:48,0,0,1,102
7507770961,Gbxhf,Xiashi,86805235996,wxid_hdmuktj81zbmtt,5717591341@qq.com,Teacher,Old Person,No risk,2022-2-3 11:54,0,0,2,2
end of half day
8336341423,Vxqbkj,Maqiao,16654418325,wxid_cydf3dyujtb56f,3294657559@qq.com,Programmer,Adult,High risk,2022-2-3 12:00,0,0,1,0
6245882476,Ouebqcy,Xiashi,86276361321,wxid_wm84urquephw1s,6476114430@gmail.com,Businessman,Children,High risk,2022-2-3 19:36,0,0,1,0
1918832360,Cfrs,Xiashi,13657237668,wxid_yihs3i0pkelzzv,9727199839@163.com,Businessman,Elderly Person,Low risk,2022-2-3 20:00,0,0,0,201
end of half day
2401962346,Fxknfhs,Haizhou,89717715414,wxid_rkfnzxrf5b1clm,6222086678@gmail.com,Teacher,Old Person,No risk,2022-2-4 07:36,0,0,2,02
end of half day
7952180024,Cdscbi,Haichang,92031840863,wxid_c5oelup16gbslq,6532271655@qq.com,Journalist,Adult,Low risk,2022-2-4 15:24,0,0,1,120
7513991159,Acybude,Haichang,18686070418,wxid_e5sfcaurbf6q7d,2859006281@gmail.com,Programmer,Adult,No risk,2022-2-4 21:42,0,0,1,201
end of half day
2272555170,Ekhqztdx,Maqiao,47949547575,wxid_ejz25wuvxlq2ti,3604387637@qq.com,Businessman,Senior,High risk,2022-2-5 09:6,0,0,1,012
5073364020,Vlwayb,Maqiao,32913346294,wxid_ew6pv9wanxg6of,8603640759@163.com,Actor,Adolescent,Medium risk,2022-1-24 18:18,0,0,1,012
end of half day
1351304987,Zwzgfogh,Xiashi,64752172965,wxid_zaqm0frlr88pwn,4911111055@163.com,Teacher,Adolescent,No risk,2022-2-5 13:42,0,0,0,2
1366980648,Rkghe,Maqiao,85197581607,wxid_dje55ykwcof3vz,8625015442@sina.com,Student,Adolescent,High risk,2022-2-5 14:6,0,0,1,2
1481997364,Verg,Haizhou,89807155506,wxid_a13ql1rcfmwylm,2041514726@163.com,Teacher,Young Adult,High risk,2022-2-5 15:48,0,0,1,012
3366115284,Nbfalduv,Haichang,42649556916,wxid_puww0nufx9u7yb,8243459763@163.com,Teacher,Young Adult,Low risk,2022-2-5 20:54,0,0,1,1
end of half day
1269954672,Ntrvn,Haizhou,56793196458,wxid_8pq5nxuctu8tma,9968467124@gmail.com,Journalist,Senior,Medium risk,2022-2-6 04:42,0,0,2,1
7260163213,Lizsr,Haichang,27867580706,wxid_cmk2oop2vldo4p,6278560963@sina.com,Student,Elderly Person,No risk,2022-2-6 07:12,0,0,2,201
7818331525,Sffoim,Xiashi,37335285810,wxid_lw2iuos5bahwsl,7908231468@sina.com,Farmer,Adult,Medium risk,2022-2-6 09:42,0,0,2,120
1629850843,Vzmc,Haichang,20903883629,wxid_yatk47k4itghxl,5963427887@163.com,Programmer,Elderly Person,Medium risk,2022-2-6 09:48,0,0,1,10
end of half day
5477371434,Fmitpoyz,Maqiao,85368605319,wxid_gx8adb6qi8dbmu,8925415695@163.com,Programmer,Young Adult,Medium risk,2022-2-6 12:6,0,0,0,10
7356200369,Ziaiavmy,Xiashi,59038822919,wxid_gh5qizl7qjmvpt,9119497094@qq.com,Teacher,Young Adult,No risk,2022-2-6 14:12,0,0,0,1
9369265493,Maghqky,Haizhou,65503142005,wxid_4edf4mpij8bhoc,3987267439@qq.com,Student,Children,Low risk,2022-2-6 16:42,0,0,1,2
2978312494,Rultakm,Maqiao,49671111416,wxid_yxs5gjp9jwdjpp,9492636588@163.com,Student,Adolescent,Low risk,2022-2-6 17:30,0,0,2,12
6977813574,Vsvruze,Maqiao,81717719979,wxid_ogoms6io7n7qnt,6580019688@163.com,Engineer,Elderly Person,Low risk,2022-2-6 18:00,0,0,0,021
7286901327,Qhgcwtw,Haichang,51884961737,wxid_yayijmeeev7v6i,4335314227@163.com,Actor,Adolescent,Medium risk,2022-2-6 20:00,0,0,1,10
end of half day
6532520811,Jtbzmdki,Haichang,29270488744,wxid_rmb1d3ors9jfwd,7436924914@163.com,Actor,Adult,Medium risk,2022-2-7 00:48,0,0,0,201
6407362873,Gstp,Haizhou,71676984445,wxid_8fharzyrvi4gqq,1646716843@gmail.com,Programmer,Children,No risk,2022-2-7 02:30,0,0,1,10
1162370994,Jwaatwmw,Xiashi,33011585729,wxid_rcz0mlvlb5aqlx,3357686279@sina.com,Engineer,Children,Low risk,2022-2-7 08:42,0,0,1,20
end of half day
2401125566,Jyssx,Haichang,88296192920,wxid_liwab9wypwe02a,8276564370@qq.com,Businessman,Children,High risk,2022-2-7 17:30,0,0,0,01
5477371434,Fmitpoyz,Maqiao,85368605319,wxid_gx8adb6qi8dbmu,8925415695@163.com,Programmer,Young Adult,Medium risk,2022-2-7 22:54,1,0,0,10
end of half day
8149061678,Yjxlm,Xiashi,56207623930,wxid_gifkxj1teo3waq,5160582737@sina.com,Programmer,Elderly Person,Medium risk,2022-2-8 05:18,0,0,0,1
3533907894,Crltoil,Haichang,23804630411,wxid_vor4nhc3nymnbs,7714745871@qq.com,Businessman,Adult,No risk,2022-2-8 06:00,0,0,1,20
8937267320,Xuhjxf,Haizhou,23837656107,wxid_s5e8kypkgvpl8j,5983394940@sina.com,Student,Children,No risk,2022-2-8 08:24,0,0,1,102
1924966585,Unmnib,Haichang,11098738149,wxid_lrht9tz89njpnv,6371615283@qq.com,Programmer,Children,Medium risk,2022-2-8 11:6,0,0,2,120
7082848676,Uwpect,Maqiao,68346755447,wxid_0yrlltb4w3mgfl,1615247998@163.com,Teacher,Adult,Medium risk,2022-2-8 11:24,0,0,0,12
end of half day
end of half day
2888350739,Udiw,Maqiao,65164959664,wxid_aa0oeao3k5befl,2237093046@163.com,Student,Young Adult,Medium risk,2022-2-9 00:6,0,0,0,1
6655163622,Hoewpbf,Haizhou,41762005051,wxid_vtbbz41bmrg8rw,1670561580@sina.com,Businessman,Children,Medium risk,2022-2-9 04:54,0,0,0,021
2753852567,Gkrflcp,Xiashi,51975975283,wxid_u9hhvav9zpkjio,5314049229@sina.com,Programmer,Children,High risk,2022-2-9 06:24,0,0,2,201
7135271721,Ejwokmru,Haizhou,71513001649,wxid_56oiwykze4spof,5041191410@gmail.com,Actor,Adult,Medium risk,2022-2-1 09:24,0,0,0,201
end of half day
2401125566,Jyssx,Haichang,88296192920,wxid_liwab9wypwe02a,8276564370@qq.com,Businessman,Children,High risk,2022-2-9 16:48,1,0,0,01
end of half day
7621443533,Mejumn,Xiashi,64600848647,wxid_euym3cjawcb5cr,2067885838@163.com,Programmer,Young Adult,No risk,2022-2-10 03:36,0,0,2,210
1575417063,Rognexpl,Maqiao,18656230246,wxid_h9gjzkpx7i7dwu,5722406269@163.com,Journalist,Adolescent,Medium risk,2022-2-10 07:6,0,0,1,0
9852726465,Gnxncei,Xiashi,27950393693,wxid_ytjjd3elk68kkd,3983673841@qq.com,Businessman,Children,Medium risk,2022-2-10 07:30,0,0,2,1
5556168054,Tdnx,Haichang,10667251575,wxid_og6un8xhdf6zag,1498997755@qq.com,Farmer,Old Person,High risk,2022-2-10 09:54,0,0,1,1
2969776440,Qpqgrpr,Maqiao,62527219574,wxid_rhmjnmx4loi8vc,6604362177@qq.com,Farmer,Elderly Person,No risk,2022-2-10 10:00,0,0,1,01
6424721299,Rdjfung,Haizhou,55135551719,wxid_7bq1gfmv7xgsof,9080472571@sina.com,Programmer,Elderly Person,Medium risk,2022-2-10 10:12,0,0,0,10
end of half day
4399021498,Tracca,Haizhou,30352884650,wxid_gifqh3magbn8gj,7473269110@gmail.com,Actor,Young Adult,Low risk,2022-2-10 17:00,0,0,2,2
8508145187,Wjgheuo,Maqiao,83972876724,wxid_bekop6hzsa85wo,5545973440@163.com,Journalist,Elderly Person,Low risk,2022-2-10 18:36,0,0,2,2
1657407994,Wsokwh,Xiashi,54667009557,wxid_kborm62k7zugrt,6887560142@sina.com,Teacher,Adolescent,No risk,2022-2-10 18:42,0,0,1,12
2947981965,Lgwgnif,Haizhou,67760345469,wxid_uutyb4s0thfsof,9357826427@qq.com,Engineer,Children,Medium risk,2022-2-10 21:18,0,0,1,2
end of half day
6649165511,Grmapg,Haichang,57114238466,wxid_iu8yetbmu79tiv,5876508371@sina.com,Businessman,Elderly Person,High risk,2022-2-11 00:42,0,0,0,012
8021405669,Cyvwuy,Haichang,37442313472,wxid_j33lmuqequvgnm,3309522894@sina.com,Teacher,Adult,High risk,2022-2-11 08:12,0,0,2,0
end of half day
end of half day
9644303375,Azozs,Maqiao,14224221308,wxid_qrtv26f5fgpkfl,1162690799@163.com,Programmer,Children,Medium risk,2022-2-12 00:54,0,0,0,02
4896893143,Vuzf,Haizhou,82588253119,wxid_2m0vfxhy6qrhio,2937074902@qq.com,Farmer,Children,No risk,2022-2-12 02:30,0,0,2,2
7879387227,Lmnoo,Maqiao,69200166453,wxid_md2cwqki1vk9mi,3638383778@gmail.com,Student,Children,No risk,2022-2-12 10:42,0,0,2,0
2545763460,Rivnrsyb,Maqiao,29110470102,wxid_ew1bvy1euxgrym,8310357271@gmail.com,Teacher,Adolescent,Low risk,2022-2-12 10:54,0,0,2,210
5813664088,Gajb,Xiashi,18401155331,wxid_vvuj5u8lboc2sa,8005568334@163.com,Businessman,Old Person,Low risk,2022-2-12 11:6,0,0,0,201
end of half day
3511570315,Rxddlpat,Haichang,29411044598,wxid_18examid3gglne,5345013151@sina.com,Journalist,Young Adult,High risk,2022-2-12 15:30,0,0,0,210
4769228018,Vhsajok,Maqiao,56284525476,wxid_rdcna0x29mrrvf,8777482883@gmail.com,Programmer,Children,Medium risk,2022-2-12 22:54,0,0,1,0
end of half day
2779257408,Gpyz,Xiashi,28448516241,wxid_gjvl9nwvviydsy,1725539070@gmail.com,Programmer,Young Adult,No risk,2022-2-13 03:6,0,0,1,0
3934099611,Urznty,Maqiao,38522835456,wxid_gmbvsqw1t0oi4k,6750305098@163.com,Teacher,Senior,High risk,2022-2-13 03:42,0,0,2,12
end of half day
2711482422,Vmpihavr,Maqiao,11483844766,wxid_ajncafwb2lsk5e,4980865116@qq.com,Businessman,Senior,Medium risk,2022-2-13 20:6,0,0,1,2
9886800142,Kfziaux,Maqiao,16009873572,wxid_prv4rzysfv0nke,6127246035@qq.com,Student,Senior,High risk,2022-2-13 20:24,0,0,2,012
9309564209,Czkbcbj,Haichang,81578213310,wxid_fx0frm3azawt7q,6463036554@163.com,Student,Old Person,High risk,2022-2-13 23:42,0,0,2,120
end of half day
6617134034,Juxkxct,Haichang,93661163654,wxid_esqdnwyem1ay6i,1116724203@163.com,Teacher,Old Person,No risk,2022-2-14 02:12,0,0,2,210
5977486272,Ehht,Haizhou,81043844023,wxid_wz0tade3j4yyiv,9343969912@qq.com,Businessman,Senior,Low risk,2022-2-14 06:6,0,0,2,210
9760186690,Yndgj,Haichang,95678110687,wxid_83ziflruy9fcei,2612185522@gmail.com,Programmer,Old Person,Medium risk,2022-2-14 08:48,0,0,0,120
2711482422,Vmpihavr,Maqiao,11483844766,wxid_ajncafwb2lsk5e,4980865116@qq.com,Teacher,Senior,Medium risk,2022-2-13 20:6,0,0,1,2
end of half day
6882830702,Okfdssfo,Xiashi,27497503174,wxid_mm7c4p7jvlhhpe,7548978971@qq.com,Journalist,Young Adult,No risk,2022-2-14 15:30,0,0,1,21
3240473427,Asvmt,Haichang,85485852288,wxid_qfuok41u8ibtmg,7306248771@gmail.com,Businessman,Old Person,High risk,2022-2-14 19:54,0,0,0,021
1716573795,Pttgoh,Maqiao,41170598143,wxid_6ypu3nhg1mzkce,6701343020@qq.com,Journalist,Children,Medium risk,2022-2-14 22:48,0,0,1,10
end of half day
5523117769,Ttnpvt,Haichang,40710568889,wxid_ouab6vd0grm0sv,3934910245@qq.com,Programmer,Elderly Person,Low risk,2022-2-15 02:12,0,0,1,021
3827103054,Acogj,Xiashi,61009702785,wxid_2pletswv3cx1je,8415319937@sina.com,Engineer,Adolescent,No risk,2022-2-15 03:54,0,0,2,21
8930835430,Ickqvgl,Haichang,90647115755,wxid_n6r5ebvgpry7xa,4720486391@gmail.com,Programmer,Young Adult,No risk,2022-2-15 08:48,0,0,1,210
5593266644,Augoqu,Maqiao,67986586720,wxid_mt57em4xaowldm,1535040676@sina.com,Student,Adolescent,High risk,2022-2-15 09:00,0,0,1,021
end of half day
5819533277,Mbaropg,Haizhou,76779569929,wxid_iwjd7xtsmv8dpc,2838618765@gmail.com,Programmer,Children,No risk,2022-2-15 16:36,0,0,1,102
5748970419,Qvpkilr,Haichang,49784112325,wxid_o8xusbm1dp1ayi,1090501627@163.com,Engineer,Old Person,Medium risk,2022-2-15 17:54,0,0,1,01
4279556269,Vsnkw,Xiashi,64664808279,wxid_ixl4t3cq4nhkyu,5891736300@gmail.com,Programmer,Young Adult,Low risk,2022-2-15 21:42,0,0,1,201
7362132545,Uscl,Haizhou,53219437897,wxid_yh80zdvrp2csdi,8698106837@sina.com,Actor,Children,No risk,2022-2-15 22:24,0,0,1,102
end of half day
3228325907,Zkru,Maqiao,67904719465,wxid_2wbyjivj8t9gom,8259502889@qq.com,Student,Adolescent,High risk,2022-2-16 02:36,0,0,0,02
5453815290,Fgfgb,Haizhou,95521882459,wxid_8yhs7rrgdtgg0v,8615945172@qq.com,Engineer,Adolescent,High risk,2022-2-16 04:48,0,0,0,0
9619614803,Pntjwqks,Maqiao,85084125073,wxid_ewth7oxkm8c8va,8884863335@sina.com,Programmer,Adult,High risk,2022-2-16 11:12,0,0,2,21
end of half day
1032667520,Budtdw,Haichang,36413076560,wxid_pc67c1zrrnrbrv,4571720206@sina.com,Actor,Old Person,High risk,2022-2-16 13:30,0,0,1,2
2842037992,Zeenpyy,Haichang,33057461786,wxid_jykqw32wr5pilp,3025773756@163.com,Businessman,Young Adult,High risk,2022-2-16 18:12,0,0,2,021
6479800554,Xclrgwdf,Xiashi,14922565664,wxid_9zwthemr7sfk8i,2414813105@163.com,Engineer,Adult,Medium risk,2022-2-16 18:36,0,0,1,210
2969776440,Qpqgrpr,Maqiao,62527219574,wxid_rhmjnmx4loi8vc,6604362177@qq.com,Engineer,Elderly Person,No risk,2022-2-10 10:00,0,0,1,01
end of half day
9760186690,Yndgj,Haichang,95678110687,wxid_83ziflruy9fcei,2612185522@gmail.com,Teacher,Old Person,Low risk,2022-2-14 08:48,0,1,0,120
end of half day
9443992814,Rvgf,Haizhou,97256497830,wxid_hlc95p0gnoqpus,9378825219@qq.com,Teacher,Old Person,No risk,2022-2-17 14:12,0,0,0,021
5819533277,Mbaropg,Haizhou,76779569929,wxid_iwjd7xtsmv8dpc,2838618765@gmail.com,Programmer,Children,No risk,2022-2-17 16:12,1,0,1,102
end of half day
5080291414,Focrbul,Maqiao,62379266061,wxid_iezuh0xnsq7j0z,4618372276@qq.com,Businessman,Children,Low risk,2022-2-18 07:12,0,0,0,12
end of half day
5048503568,Zmrynn,Maqiao,39283456178,wxid_wl7tmlgpx47lsn,6374365053@gmail.com,Actor,Young Adult,Medium risk,2022-2-18 14:24,0,0,1,1
3616703806,Gpxvmec,Maqiao,77162691275,wxid_5nesz5l2ohsqsx,3088883128@sina.com,Journalist,Old Person,Medium risk,2022-2-18 20:12,0,0,2,210
end of half day
7797922696,Toht,Xiashi,11960298081,wxid_cfuknsf9g2sx3m,7571241114@sina.com,Teacher,Adult,No risk,2022-2-19 01:12,0,0,0,20
8664564262,Ghjkz,Haizhou,57570300984,wxid_9wgbm3lrbbko0x,8355821088@qq.com,Businessman,Elderly Person,High risk,2022-2-19 05:30,0,0,0,01
5274698244,Mhdyhzt,Maqiao,95303034065,wxid_3cyj0vzssz2cav,3679163518@qq.com,Programmer,Elderly Person,Medium risk,2022-2-19 10:6,0,0,1,2
end of half day
4998023652,Jxdlcyzx,Haichang,14085963906,wxid_szxqayl6z4zgtx,6631520089@sina.com,Teacher,Young Adult,High risk,2022-2-19 23:30,0,0,1,201
end of half day
end of half day
3519274765,Ivzoy,Maqiao,31845509743,wxid_lwj7srm2kykmvb,5783059670@qq.com,Engineer,Elderly Person,High risk,2022-2-20 16:42,0,0,2,021
2011330349,Mujvf,Maqiao,40206081517,wxid_8zfwdu6aogg9ik,1685959497@qq.com,Teacher,Young Adult,No risk,2022-2-20 18:54,0,0,1,12
end of half day
9061752036,Xcnq,Haichang,24783243000,wxid_auqdoaw7v2dq5e,2569510821@sina.com,Journalist,Old Person,No risk,2022-2-21 05:48,0,0,2,210
7978921532,Qdoex,Xiashi,48026185461,wxid_qb6r9hfjhtub9o,2765438278@sina.com,Businessman,Young Adult,High risk,2022-2-21 06:6,0,0,1,02
end of half day
end of half day
4110505417,Rxixdba,Maqiao,30184317468,wxid_qnh5filz32xvcu,5803564227@sina.com,Teacher,Old Person,Medium risk,2022-2-22 03:24,0,0,1,12
3777952290,Hgqxt,Xiashi,39719153649,wxid_p8qm6ngz8ynruq,7438013467@163.com,Actor,Adult,Low risk,2022-2-22 10:18,0,0,2,1
end of half day
4494871914,Tbcgie,Haizhou,64365284946,wxid_glbj7eccbd5n8a,2932586218@163.com,Farmer,Adult,No risk,2022-2-22 22:6,0,0,0,2
9602278910,Batq,Maqiao,15853153715,wxid_u9oltzx6u1epmy,7748019157@gmail.com,Teacher,Young Adult,High risk,2022-2-22 23:30,0,0,2,102
end of half day
2480959647,Lmnojb,Haizhou,38153901124,wxid_win0ud0cd3ptei,8616476127@sina.com,Student,Old Person,High risk,2022-2-23 06:30,0,0,1,21
end of half day
5007076739,Boxikct,Xiashi,69493110517,wxid_ca37c4ylnuufmw,7050201715@gmail.com,Student,Adolescent,No risk,2022-2-23 12:30,0,0,2,21
9952505516,Dbkuxb,Haichang,99430348435,wxid_lkp5rohyna51fg,6789778045@gmail.com,Journalist,Children,Medium risk,2022-2-23 14:36,0,0,2,20
2868207305,Shjg,Haizhou,15168638281,wxid_txpaf6axa1or4v,1475143020@163.com,Programmer,Senior,Medium risk,2022-2-23 21:30,0,0,0,012
end of half day
2014439730,Rmupw,Haizhou,35672657133,wxid_mxivn8cacvh0kt,3793028184@qq.com,Student,Old Person,Low risk,2022-2-24 00:48,0,0,2,021
3690088491,Gvralyu,Haichang,26013559232,wxid_mumqhwc18b1osz,4981630518@qq.com,Programmer,Adult,High risk,2022-2-24 02:30,0,0,2,02
end of half day
end of half day
6775823017,Hvzi,Haizhou,31365412173,wxid_yrb1f09zyomlmm,6721424226@qq.com,Student,Young Adult,Medium risk,2022-2-25 03:48,0,0,2,2
end of half day
4295738121,Xpsgyx,Haizhou,83319313846,wxid_jje0xnu0vrt4iu,8187745574@qq.com,Engineer,Senior,High risk,2022-2-25 20:18,0,0,0,0
4686009246,Ynqtee,Haichang,79970942400,wxid_yn6rbsde0d2qve,9438414191@163.com,Student,Old Person,High risk,2022-2-25 21:54,0,0,1,012
8082905536,Fvhqwdoz,Haichang,84769060713,wxid_gtj9xc1zimvvrz,9263321345@sina.com,Programmer,Adolescent,Medium risk,2022-2-25 22:42,0,0,0,10
end of half day
9996371387,Defuxu,Haichang,90528921407,wxid_xfa24glz3solam,9754626996@sina.com,Farmer,Children,Low risk,2022-2-26 04:42,0,0,2,2
8988261101,Nrdui,Maqiao,24093287400,wxid_qwudsmg91diq4f,6059625451@sina.com,Farmer,Adult,Low risk,2022-2-26 11:42,0,0,1,0
end of half day
1374238609,Gcttfn,Maqiao,24845952045,wxid_8dgo0dapsv4fxr,6423328430@163.com,Programmer,Young Adult,Medium risk,2022-2-26 17:42,0,0,2,201
4143735701,Dyefhxk,Xiashi,72790315140,wxid_wxllq0cwae64gd,4414678578@qq.com,Student,Old Person,Low risk,2022-2-26 18:6,0,0,0,1
3616703806,Gpxvmec,Maqiao,77162691275,wxid_5nesz5l2ohsqsx,3088883128@sina.com,Actor,Old Person,Medium risk,2022-2-18 20:12,0,0,2,210
end of half day
8931421075,Bvyff,Xiashi,13348811091,wxid_olw6nd01kbptsw,4033466328@qq.com,Teacher,Young Adult,Medium risk,2022-2-27 03:36,0,0,1,102
8138574815,Vxbbsakw,Xiashi,50338997076,wxid_84ngjtaqpyohjy,5982789980@gmail.com,Journalist,Adolescent,Low risk,2022-2-27 07:18,0,0,2,210
end of half day
2890935013,Xdqx,Xiashi,24524684795,wxid_sn0fy1d3lkwmeh,4235290652@gmail.com,Student,Children,High risk,2022-2-27 14:30,0,0,2,2
7651876511,Gklv,Maqiao,20278028147,wxid_frjvqp5azbh0vx,6199408776@gmail.com,Farmer,Adult,High risk,2022-2-27 21:12,0,0,0,012
1517170264,Qpuh,Haichang,51837498815,wxid_7oeexf9dxt0zsz,7760105535@sina.com,Engineer,Elderly Person,High risk,2022-2-27 21:42,0,0,2,021
4304894705,Okkqr,Haichang,49449196371,wxid_j1ei87fpdpcgwu,8642076941@gmail.com,Engineer,Adult,Low risk,2022-2-27 23:6,0,0,1,2
6600513624,Nufzgeho,Haichang,82974092443,wxid_t33hpzttohzqwt,3828004565@gmail.com,Actor,Young Adult,Low risk,2022-2-27 23:42,0,0,2,0
end of half day
7142260594,Mhbwmhei,Maqiao,77594641354,wxid_t2rhhdjggl5d6z,7760213312@gmail.com,Student,Elderly Person,High risk,2022-2-28 04:42,0,0,1,012
end of half day
6696645892,Lheu,Maqiao,19137600306,wxid_pqob3fks8f6fzn,3205467432@gmail.com,Teacher,Elderly Person,High risk,2022-2-28 13:00,0,0,1,02
2573122281,Uruqtyh,Xiashi,81978956018,wxid_tomgph1u2johse,7731524097@gmail.com,Teacher,Young Adult,Low risk,2022-2-28 14:48,0,0,1,201
5123950449,Aucknas,Haizhou,26247200415,wxid_w5efkgz14jrkcl,2288200458@qq.com,Student,Senior,Medium risk,2022-2-28 17:42,0,0,0,0
3005550891,Wdpkevf,Haichang,23632214193,wxid_mpd9e2jyu9mhdm,5334619143@sina.com,Journalist,Children,No risk,2022-2-28 18:24,0,0,2,210
end of half day
2055111255,Oglldkhc,Haichang,44061199609,wxid_fj35mdgk0ogfpg,1333387801@gmail.com,Teacher,Elderly Person,No risk,2022-3-1 05:18,0,0,2,2
6756020963,Hlkk,Xiashi,52893290646,wxid_bceio34sglfxtk,4695791223@sina.com,Student,Old Person,High risk,2022-3-1 05:30,0,0,1,021
5512210983,Lxfb,Maqiao,37014425588,wxid_ul7ats8kb4mbjv,2853346903@gmail.com,Journalist,Young Adult,No risk,2022-3-1 06:12,0,0,0,0
4484571563,Fyaxy,Haichang,72822657263,wxid_fklw9ub0htxe9u,3954236154@163.com,Student,Children,No risk,2022-3-1 06:36,0,0,2,021
7276372514,Yqswccee,Xiashi,49570190536,wxid_asulcsmpil061r,9019851465@qq.com,Journalist,Young Adult,Low risk,2022-3-1 06:48,0,0,2,2
4985657135,Bxkdf,Haichang,81283130727,wxid_unztryufljt63m,8736326091@sina.com,Teacher,Adult,Low risk,2022-3-1 07:42,0,0,1,20
7136396213,Pqojcr,Haizhou,46389027630,wxid_c4za2y6doqgrat,7948582458@qq.com,Programmer,Adolescent,Low risk,2022-3-1 09:24,0,0,2,021
end of half day
4944522220,Rmwtpf,Maqiao,75603563787,wxid_3oewoninijd38t,5110684452@sina.com,Businessman,Elderly Person,No risk,2022-3-1 23:12,0,0,1,0
end of half day
9846218657,Hrrv,Xiashi,88354795423,wxid_ec2rqwggxz2csq,6218881163@gmail.com,Journalist,Children,Low risk,2022-3-2 03:6,0,0,2,1
1305309564,Nvry,Maqiao,53433099428,wxid_ko3oflq8qkguga,1984930263@163.com,Actor,Young Adult,Low risk,2022-3-2 11:42,0,0,0,12
end of half day
2468274294,Qtuiwjf,Maqiao,16783153757,wxid_wmzv0ffwms04rb,9968323412@qq.com,Businessman,Senior,No risk,2022-3-2 15:30,0,0,1,012
9639364778,Hvwdc,Haizhou,22148586419,wxid_dhod6czzpq6wqt,1432732963@sina.com,Journalist,Young Adult,No risk,2022-3-2 19:42,0,0,2,1
5111908904,Itxth,Maqiao,72317639036,wxid_8fkvsssk04txpm,7006840135@sina.com,Teacher,Old Person,No risk,2022-3-2 20:18,0,0,1,120
end of half day
6865019846,Hezzc,Haizhou,14282670734,wxid_xk5upbdkzj25bz,3963630482@qq.com,Teacher,Children,Medium risk,2022-3-3 09:30,0,0,0,210
7869395410,Kbcfba,Haichang,95794869303,wxid_79lxoq5wrmjpbg,8022961854@qq.com,Teacher,Elderly Person,Low risk,2022-3-3 10:54,0,0,1,2
end of half day
7136396213,Pqojcr,Haizhou,46389027630,wxid_c4za2y6doqgrat,7948582458@qq.com,Programmer,Adolescent,Low risk,2022-3-3 19:42,1,0,2,021
end of half day
3846546720,Otdr,Haichang,10499378357,wxid_msqlh91sun1kgy,6419009566@163.com,Actor,Adult,Low risk,2022-3-4 03:36,0,0,1,20
1697364360,Xcqm,Xiashi,49684035367,wxid_dxrmz8zld45msr,3108664049@163.com,Engineer,Old Person,High risk,2022-3-4 07:30,0,0,1,12
6604129306,Glriqmdq,Xiashi,20779809195,wxid_z7h8qu3tcxounq,7407373728@qq.com,Teacher,Elderly Person,Low risk,2022-3-4 07:42,0,0,0,2
end of half day
end of half day
end of half day
6839424650,Gmur,Haizhou,39803134199,wxid_x1lispjyx9vfpd,5697134878@163.com,Businessman,Young Adult,Low risk,2022-3-5 12:54,0,0,0,20
9993659699,Viscsrsc,Haizhou,85524426958,wxid_4r1wutjccgvpmg,4420642588@gmail.com,Student,Adult,No risk,2022-3-5 23:48,0,0,1,12
2890935013,Xdqx,Xiashi,24524684795,wxid_sn0fy1d3lkwmeh,4235290652@gmail.com,Farmer,Children,Low risk,2022-2-27 14:30,0,1,2,2
end of half day
end of half day
1124206995,Ggpcpok,Xiashi,91277114009,wxid_tlxm45syjfc7tk,5478041957@qq.com,Student,Adolescent,Low risk,2022-3-6 12:6,0,0,1,10
9319940050,Scdtzry,Xiashi,18907231028,wxid_fmf32ctr4juddg,4195817976@gmail.com,Farmer,Senior,High risk,2022-3-6 17:48,0,0,2,1
8846976303,Ndwjak,Haizhou,87411433129,wxid_r6zdhni49rqzne,7244793882@qq.com,Businessman,Adult,High risk,2022-3-6 18:36,0,0,0,21
end of half day
9659328311,Qcmz,Xiashi,59613002168,wxid_a8vqfga1omz6iv,8221135422@gmail.com,Teacher,Elderly Person,No risk,2022-3-7 05:6,0,0,1,2
8184867632,Zzciymye,Haizhou,67901631832,wxid_mh61chuhkxd6ls,1645135948@qq.com,Farmer,Children,No risk,2022-3-7 06:54,0,0,1,1
4673210622,Gejop,Maqiao,66984256392,wxid_n2b82motfwptbp,6107142420@sina.com,Actor,Adolescent,Low risk,2022-3-7 09:36,0,0,1,02
8209557059,Mangbnnd,Xiashi,13511445204,wxid_nl0dzkofmz7coh,9878178904@gmail.com,Teacher,Young Adult,Low risk,2022-3-7 09:42,0,0,1,210
end of half day
5216487676,Yevxx,Haichang,32110917113,wxid_1b3gzrmiocgk2j,5759686692@163.com,Journalist,Children,Low risk,2022-3-7 17:12,0,0,0,120
2265293906,Pxwivh,Haizhou,64607935225,wxid_ex3lpgg3r7ocne,3617315436@qq.com,Farmer,Senior,No risk,2022-3-7 17:36,0,0,0,1
9628716023,Srtujzmp,Xiashi,91584433004,wxid_kwgpic08phegne,3087149889@163.com,Farmer,Adult,Medium risk,2022-3-7 22:36,0,0,1,201
end of half day
5012135874,Swpszvt,Haichang,96217796908,wxid_lz7odcjvddw97m,9990734784@sina.com,Actor,Old Person,Medium risk,2022-3-8 05:24,0,0,1,2
1622417441,Awcrqij,Haichang,61069435019,wxid_fq0dx7esx0xedi,9031965037@gmail.com,Teacher,Adolescent,No risk,2022-3-8 05:24,0,0,0,210
9209502837,Gwhs,Maqiao,88431129503,wxid_kchj9ga8riwmtm,1688016285@sina.com,Businessman,Elderly Person,Low risk,2022-3-8 05:36,0,0,2,1
2795283955,Pbeoljkv,Haichang,86690787838,wxid_snq3evbvqxcq9r,3446453455@gmail.com,Businessman,Adult,Medium risk,2022-3-8 11:00,0,0,2,1
end of half day
8954646092,Zrhoxplz,Haichang,37505322098,wxid_fa6k1cpkpvbmvl,6811625769@163.com,Farmer,Adult,Low risk,2022-3-8 14:12,0,0,0,102
8439336176,Sbfz,Haichang,60989397642,wxid_wbnru3nk32dssc,4447040978@gmail.com,Actor,Young Adult,Medium risk,2022-3-8 14:12,0,0,1,1
8352617887,Vhbgb,Haichang,31200383274,wxid_thuvs01wi1vjrf,4213680158@qq.com,Actor,Elderly Person,Medium risk,2022-3-8 18:36,0,0,1,21
1888197364,Wrjq,Maqiao,12861649001,wxid_dgfiy906kslxnr,4144741006@gmail.com,Programmer,Adult,Medium risk,2022-3-8 18:54,0,0,0,0
4179077289,Aojr,Haichang,95938595256,wxid_zhrko7pptcy8ad,3272855601@163.com,Programmer,Senior,High risk,2022-3-8 22:18,0,0,0,0
end of half day
2157867763,Tzvbvx,Haizhou,82692265471,wxid_vz2a6gra8futse,9584174643@163.com,Student,Elderly Person,Medium risk,2022-3-9 00:54,0,0,2,021
6857684903,Rbud,Xiashi,60283820692,wxid_c0w9adqvemelux,9667293880@sina.com,Farmer,Adult,Medium risk,2022-3-9 10:24,0,0,1,021
end of half day
8413876822,Wiel,Maqiao,47469857093,wxid_jy2clx1ew7dyky,7728029763@163.com,Programmer,Young Adult,No risk,2022-3-9 19:00,0,0,2,01
3025453477,Enool,Xiashi,64487427910,wxid_7zlur9zrb1jhxa,5049265338@qq.com,Journalist,Senior,Medium risk,2022-3-9 21:36,0,0,0,1
end of half day
8350985856,Robre,Xiashi,39766209895,wxid_y9s7ir9hjvkgvg,5688276398@sina.com,Programmer,Senior,No risk,2022-3-10 11:00,0,0,1,102
end of half day
5661152265,Kmje,Xiashi,81118731895,wxid_bpl7jiy2njb8mu,5387259488@163.com,Student,Adolescent,Low risk,2022-3-10 17:24,0,0,1,0
end of half day
1291369693,Dlmzwvbh,Xiashi,91744675719,wxid_9h6ckcmbxbfw8q,6099230552@qq.com,Engineer,Young Adult,Low risk,2022-3-11 02:30,0,0,0,12
2437170710,Jycnnhap,Maqiao,49954489241,wxid_2nvy5k8vthxpvk,2199941588@qq.com,Farmer,Young Adult,No risk,2022-3-11 06:42,0,0,2,021
8620787634,Ifcjkegf,Haizhou,91487308300,wxid_aooe188lhosagu,7279446757@sina.com,Teacher,Adolescent,High risk,2022-3-11 08:18,0,0,1,012
end of half day
1754016584,Ovbaoxt,Xiashi,38707790826,wxid_uesi3xxhhc7qrh,1533275099@sina.com,Teacher,Adult,Low risk,2022-3-11 12:12,0,0,1,1
3166413975,Poby,Haizhou,36888830125,wxid_6uhtvd4wscco3p,1264766095@sina.com,Programmer,Old Person,Medium risk,2022-3-11 16:48,0,0,1,1
7502954341,Huys,Maqiao,63984730630,wxid_f4rvs1oinmszsz,2345595111@gmail.com,Actor,Senior,Low risk,2022-3-11 18:18,0,0,2,201
4860576555,Snjagsvj,Haizhou,39417116643,wxid_cetx5zxlsshu6q,9932162432@gmail.com,Businessman,Young Adult,High risk,2022-3-11 22:6,0,0,0,21
end of half day
3619023361,Rsxh,Haichang,72034157274,wxid_ccblbra23hdw2b,4941684256@gmail.com,Engineer,Elderly Person,High risk,2022-3-12 05:18,0,0,1,0
7886260254,Ecwadcq,Maqiao,76743273321,wxid_ei4uajhfb5nm5u,8891553254@qq.com,Teacher,Senior,Medium risk,2022-3-12 06:42,0,0,0,1
end of half day
5769252804,Mlem,Haizhou,56967447916,wxid_03xbfo0xthefdw,9026245039@qq.com,Journalist,Adult,Low risk,2022-3-12 21:48,0,0,2,1
end of half day
3845735785,Rjlan,Maqiao,93971137337,wxid_elq6bzg5v5mpvh,4683689347@163.com,Actor,Young Adult,Medium risk,2022-3-13 02:00,0,0,1,1
9383747588,Axbm,Haichang,88156145366,wxid_gjy48yphoo0vdm,3692267691@163.com,Programmer,Senior,Low risk,2022-3-13 04:42,0,0,1,021
8772527768,Gvyyqpfv,Maqiao,70476290513,wxid_w3pgceui5qibci,8507938262@163.com,Student,Senior,Medium risk,2022-3-13 05:24,0,0,0,201
7933494744,Kbdg,Xiashi,69839843070,wxid_g9mdhj2soauw4l,9046591974@gmail.com,Programmer,Adolescent,High risk,2022-3-13 06:42,0,0,0,2
end of half day
5712515803,Uwwlpme,Maqiao,67527883714,wxid_5lbcfvbi5lsupb,5914792312@sina.com,Engineer,Senior,Medium risk,2022-3-13 13:30,0,0,1,0
1230217155,Txwtptt,Xiashi,61567310586,wxid_ixhvd1cjxon46s,1589961446@163.com,Journalist,Senior,Low risk,2022-3-13 16:48,0,0,1,1
end of half day
1091243079,Vkjwe,Haichang,40496649176,wxid_69kwwtrnrsgzgb,3276011150@163.com,Actor,Elderly Person,High risk,2022-3-14 07:18,0,0,2,120
end of half day
end of half day
8376491395,Bgzcnw,Haizhou,58457167988,wxid_rxh9pvpdqp9z4a,3526505014@gmail.com,Teacher,Young Adult,No risk,2022-3-15 02:48,0,0,2,102
5781634787,Llglaliv,Maqiao,11757918968,wxid_6cfsn1kmrobjyy,6964347495@qq.com,Teacher,Young Adult,Low risk,2022-3-15 02:54,0,0,1,10
3619023361,Rsxh,Haichang,72034157274,wxid_ccblbra23hdw2b,4941684256@gmail.com,Engineer,Elderly Person,High risk,2022-3-15 09:24,1,0,1,0
6672691271,Rxjqqs,Xiashi,82117251319,wxid_6zo4fmazdl2zfi,8102461715@sina.com,Actor,Children,Low risk,2022-3-15 10:54,0,0,2,21
end of half day
6645848970,Jsvuk,Haizhou,62269438299,wxid_6tmfgqlus4se8a,3469544380@gmail.com,Student,Adolescent,High risk,2022-3-15 14:54,0,0,0,120
3711617136,Pukq,Haichang,17203985723,wxid_jj9d14prqwglus,5534875967@gmail.com,Teacher,Children,Medium risk,2022-3-15 16:12,0,0,0,012
9997050814,Swtcvhpl,Haichang,95123653579,wxid_to6lex2y4oflhs,7766238578@qq.com,Student,Adult,High risk,2022-3-15 23:00,0,0,1,02
end of half day
9875222929,Yfuzf,Xiashi,29408224820,wxid_qzb8egzk73wfrd,1118826729@gmail.com,Farmer,Adult,Low risk,2022-3-16 02:00,0,0,1,1
end of half day
4942707244,Webtjgru,Haichang,37666444526,wxid_t3hpmhkvaf4aco,2844330874@gmail.com,Farmer,Elderly Person,Medium risk,2022-3-16 15:6,0,0,1,2
9239912232,Houdsf,Haichang,25358476599,wxid_3gu8qkgsjtxgcy,4286822479@qq.com,Businessman,Adult,High risk,2022-3-16 21:30,0,0,1,0
end of half day
7529901364,Icpgfph,Haizhou,52945455997,wxid_4sw6kgdfkiajcr,1369955776@gmail.com,Engineer,Elderly Person,Low risk,2022-3-17 04:00,0,0,0,01
4311288305,Srffqwfx,Haichang,94948767751,wxid_hdm1tgrl9ot1wo,3411262554@gmail.com,Engineer,Elderly Person,Low risk,2022-3-17 09:36,0,0,2,02
7810064371,Ijirlkg,Xiashi,63767105968,wxid_zdvgn98v5weaja,3242482693@gmail.com,Farmer,Senior,Low risk,2022-3-17 10:48,0,0,2,0
8637110672,Nvwvwsu,Haichang,48815093379,wxid_lfcdgwrn6vgj3f,1660841932@sina.com,Farmer,Elderly Person,Low risk,2022-3-17 11:18,0,0,2,021
end of half day
1359822501,Lytvqygc,Maqiao,38491190779,wxid_gwjwqpx5rz9p0i,9172387302@sina.com,Farmer,Elderly Person,No risk,2022-3-17 12:24,0,0,1,102
9490745154,Mfcduis,Xiashi,42736264834,wxid_1c6amsnwx1indj,7899540996@sina.com,Businessman,Senior,No risk,2022-3-17 14:18,0,0,2,210
4942707244,Webtjgru,Haichang,37666444526,wxid_t3hpmhkvaf4aco,2844330874@gmail.com,Farmer,Elderly Person,Medium risk,2022-3-17 18:48,1,0,1,2
2586434619,Kqevosbm,Maqiao,89896248316,wxid_s1xtft8mqjl3us,1676180130@gmail.com,Engineer,Children,No risk,2022-3-17 19:00,0,0,1,102
end of half day
9355796459,Jybacvf,Xiashi,50183313577,wxid_58zcyv5pnjwtdx,7178316163@gmail.com,Journalist,Adolescent,Medium risk,2022-3-18 02:54,0,0,1,1
end of half day
1426767359,Owvvhtew,Haichang,89661957572,wxid_fvw4hjmv1eqw3t,2731229061@sina.com,Student,Young Adult,Low risk,2022-3-18 21:12,0,0,0,10
2364155402,Venjw,Xiashi,78057547430,wxid_ij89byqqs7znqj,6265857964@gmail.com,Engineer,Children,High risk,2022-3-18 21:18,0,0,1,012
end of half day
6092202750,Ijcnw,Haichang,33625527812,wxid_gc3z4bssifd3hl,3483256798@163.com,Actor,Elderly Person,High risk,2022-3-19 00:00,0,0,0,1
4079678918,Bbqb,Haizhou,52640302160,wxid_vslcb5kye2pp7x,8145418241@gmail.com,Programmer,Elderly Person,High risk,2022-3-19 03:48,0,0,2,10
6760171498,Udxkfi,Maqiao,23358345133,wxid_ypns68ghdrv8fn,2175744714@qq.com,Actor,Elderly Person,Medium risk,2022-3-19 04:30,0,0,0,120
end of half day
6793482016,Wlsdb,Haichang,98766099560,wxid_33enjmk1yigvrd,4967464130@gmail.com,Student,Old Person,Medium risk,2022-3-19 13:42,0,0,2,02
3042380009,Fatglgz,Xiashi,47896370916,wxid_7zbvtd8kecgwrb,5640782331@sina.com,Farmer,Elderly Person,Low risk,2022-3-19 16:54,0,0,2,10
6922569644,Seggbf,Xiashi,82864484259,wxid_y6mmuunl0p2jkp,2416374701@qq.com,Businessman,Children,Low risk,2022-3-19 18:30,0,0,0,102
2372595752,Nmwjr,Haizhou,49101695960,wxid_jdkqtbptpj72tv,9108483929@gmail.com,Businessman,Adult,No risk,2022-3-19 20:6,0,0,0,20
9671506468,Estsoer,Haizhou,65088610662,wxid_xhebduv952uddg,6118298944@qq.com,Actor,Children,Medium risk,2022-3-19 22:36,0,0,2,02
end of half day
end of half day
9407560005,Dpzjr,Maqiao,45833011031,wxid_g5s9qhafuhno3x,8861860349@163.com,Teacher,Children,No risk,2022-3-20 22:00,0,0,1,12
end of half day
4093537871,Tmpehd,Xiashi,32485373524,wxid_sq8zdf4iln0brc,6958112095@gmail.com,Engineer,Children,Medium risk,2022-3-21 01:12,0,0,1,120
8520674649,Myaieqz,Haichang,61780291457,wxid_dp7k4zzl7nlbxa,7852688551@gmail.com,Programmer,Young Adult,High risk,2022-3-21 04:6,0,0,0,021
9355796459,Jybacvf,Xiashi,50183313577,wxid_58zcyv5pnjwtdx,7178316163@gmail.com,Journalist,Adolescent,Medium risk,2022-3-21 09:54,1,0,1,1
end of half day
7931303712,Lmxukj,Haichang,88547350422,wxid_ydm9pmpvybv93a,4108848446@163.com,Programmer,Young Adult,Medium risk,2022-3-21 12:42,0,0,1,02
end of half day
4269890147,Bjybg,Xiashi,35116669135,wxid_n5o7wdxi4btjil,1725373833@qq.com,Engineer,Children,High risk,2022-3-22 02:54,0,0,0,2
end of half day
2941581901,Fqubvkc,Haizhou,87913653871,wxid_k2klfneh9y0xzp,4269625053@gmail.com,Teacher,Adult,No risk,2022-3-22 16:54,0,0,1,10
9364540588,Twau,Haizhou,84916353701,wxid_5vr21euygiclrp,1505198236@163.com,Programmer,Senior,No risk,2022-3-22 18:24,0,0,2,120
end of half day
5271874757,Kgvsj,Xiashi,28632761093,wxid_kac0txn16wtnhn,7486091508@qq.com,Programmer,Adolescent,No risk,2022-3-23 02:48,0,0,0,20
3599208844,Blzutvt,Haizhou,83212200555,wxid_lccrhxjz71f3ln,9220335224@qq.com,Businessman,Elderly Person,Low risk,2022-3-23 09:6,0,0,2,1
7424740119,Jhaqb,Xiashi,19494358843,wxid_1xn5wosd4ejpdh,2356319082@gmail.com,Teacher,Adolescent,Low risk,2022-3-23 10:00,0,0,0,201
end of half day
2921047917,Odska,Maqiao,96482867539,wxid_p2qhwwbs3isk3s,6952251926@qq.com,Farmer,Young Adult,Medium risk,2022-3-23 23:24,0,0,0,2
end of half day
6921088499,Clburnw,Haizhou,34397787940,wxid_9hteimy9uddw8f,2203380404@gmail.com,Actor,Children,Medium risk,2022-3-24 07:48,0,0,0,1
9364540588,Twau,Haizhou,84916353701,wxid_5vr21euygiclrp,1505198236@163.com,Programmer,Senior,Medium risk,2022-3-22 18:24,0,1,2,120
end of half day
8565426484,Mnheuoy,Xiashi,57967702626,wxid_4o1gttxyrjpx4l,9480384242@qq.com,Engineer,Senior,High risk,2022-3-24 12:24,0,0,1,0
1813445446,Qsgw,Haizhou,60779333677,wxid_9p9dafixu1wesm,6631171674@sina.com,Engineer,Old Person,Medium risk,2022-3-24 12:48,0,0,0,12
3599208844,Blzutvt,Haizhou,83212200555,wxid_lccrhxjz71f3ln,9220335224@qq.com,Businessman,Elderly Person,Low risk,2022-3-24 19:12,1,0,2,1
6588457753,Ozvqry,Haizhou,39790700846,wxid_2mpwp2p9pmpdla,4210834190@qq.com,Teacher,Elderly Person,High risk,2022-3-24 20:42,0,0,1,120
4201511532,Bqxmmfwr,Xiashi,90312609178,wxid_v5q8kby7ckcbeg,2979277631@gmail.com,Journalist,Young Adult,No risk,2022-3-24 22:42,0,0,2,120
end of half day
end of half day
3203118171,Jyxsovce,Maqiao,84948268602,wxid_28lfprdmbv9pui,5249111001@gmail.com,Farmer,Young Adult,Low risk,2022-3-25 12:6,0,0,2,0
2883992865,Sobxrvij,Xiashi,18127146181,wxid_xfzwn2of22xcwc,1280343337@163.com,Businessman,Children,Medium risk,2022-3-25 22:24,0,0,0,1
7810064371,Ijirlkg,Xiashi,63767105968,wxid_zdvgn98v5weaja,3242482693@gmail.com,Teacher,Senior,Low risk,2022-3-17 10:48,0,1,2,0
end of half day
8849536094,Tdpezxbn,Haichang,54670578419,wxid_wxxz68u2nwpcxe,6228668203@qq.com,Programmer,Adolescent,No risk,2022-3-26 00:6,0,0,1,02
end of half day
2645905567,Vgaeylf,Haichang,94122544623,wxid_vicqb8p81bpbok,4141662792@163.com,Actor,Elderly Person,Low risk,2022-3-26 15:54,0,0,0,1
end of half day
6107834940,Amysh,Xiashi,31672972739,wxid_hculwzrzo29f6c,6338733956@qq.com,Programmer,Children,Medium risk,2022-3-27 03:18,0,0,2,02
4247142672,Ucueou,Haichang,80156592882,wxid_64shskoqz0higm,2018393627@gmail.com,Teacher,Young Adult,No risk,2022-3-27 03:30,0,0,0,2
2117528541,Jail,Xiashi,35106805766,wxid_dyxmg286ypoqdg,9035464108@gmail.com,Engineer,Elderly Person,High risk,2022-3-27 03:30,0,0,1,0
6648511289,Pmajn,Haizhou,45934292674,wxid_kuwdzsemhp44yr,2074323508@qq.com,Engineer,Elderly Person,High risk,2022-3-27 10:00,0,0,1,20
8016444206,Nqonp,Haichang,72715965454,wxid_3nidri1jrd5uco,3069120382@qq.com,Teacher,Adolescent,Medium risk,2022-3-27 10:18,0,0,0,02
end of half day
4206444348,Vsyjaae,Haizhou,45510091536,wxid_ocdo83npwye2so,8159858655@gmail.com,Programmer,Old Person,High risk,2022-3-27 20:18,0,0,1,10
4520675978,Fwtelyc,Xiashi,64171528624,wxid_3cmw4vtuaavo3w,6654743701@qq.com,Businessman,Senior,Medium risk,2022-3-27 23:00,0,0,1,10
end of half day
2742773423,Erubqwuw,Xiashi,51721120049,wxid_hnvgte1iq1xx9u,8995072996@163.com,Journalist,Children,No risk,2022-3-28 03:48,0,0,2,01
9430099629,Gxxix,Maqiao,72422505745,wxid_gkpcd7ut0lir4w,4353470760@qq.com,Actor,Children,Low risk,2022-3-28 11:18,0,0,0,1
end of half day
5413628520,Oocivhxt,Xiashi,92773419393,wxid_jmqt194cajhfbc,5445332020@gmail.com,Businessman,Children,No risk,2022-3-28 20:42,0,0,2,021
5315948948,Iogijwu,Haizhou,60226665941,wxid_0icnwq4gbc6gwc,1921646773@sina.com,Farmer,Senior,Medium risk,2022-3-28 23:48,0,0,0,012
end of half day
